,GB Indices,mixed,tilt,twist,count,max_theta,min_theta,h1,k1,l1,h2,k2,l2,ni1,al,au1,mishin cu,cos_min_theta,sin_min_theta,tan_min_theta,dot_hkl
0,1,5.0,7.0,1.0,13,180.0,36.8699,3.0,1.0,0.0,3.0,1.0,0.0,1.217936772,0.462648384,0.458018055,0.901840707,0.675457156116,-0.737399233965,-1.09170393309,0.1
1,2,4.0,2.0,4.0,10,180.0,36.8699,2.0,0.0,0.0,2.0,0.0,0.0,0.957917357,0.324411431,0.364177787,0.728900319,0.675457156116,-0.737399233965,-1.09170393309,0.25
2,3,2.0,3.0,2.0,7,180.0,60.0,2.0,2.0,2.0,2.0,2.0,2.0,0.063606943,0.058111431,0.024481463,0.022254419,-0.952412980415,-0.304810621102,0.32004038938,0.0833333333333
3,4,5.0,6.0,1.0,12,180.0,60.0,2.0,1.0,1.0,2.0,1.0,1.0,0.878881325,0.324459497,0.316464569,0.590342927,-0.952412980415,-0.304810621102,0.32004038938,0.166666666667
4,5,5.0,3.0,2.0,10,180.0,60.0,1.0,1.0,0.0,1.0,1.0,0.0,1.004973678,0.307267998,0.359162932,0.686298087,-0.952412980415,-0.304810621102,0.32004038938,0.5
5,6,5.0,7.0,1.0,13,180.0,36.8699,4.0,2.0,0.0,4.0,2.0,0.0,1.284571854,0.446370134,0.480160321,0.948047867,0.675457156116,-0.737399233965,-1.09170393309,0.05
6,7,5.0,7.0,1.0,13,180.0,22.6199,5.0,1.0,0.0,5.0,1.0,0.0,1.200553011,0.477292401,0.457713639,0.871383075,-0.80876246978,-0.588135415934,0.727204139547,0.0384615384615
7,8,4.0,2.0,4.0,10,180.0,22.6199,2.0,0.0,0.0,2.0,0.0,0.0,0.884312749,0.332614644,0.32684676,0.64888695,-0.80876246978,-0.588135415934,0.727204139547,0.25
8,9,7.0,9.0,1.0,17,180.0,48.1897,5.0,2.0,1.0,5.0,2.0,1.0,1.144316142,0.40214969,0.425349401,0.850682781,-0.483795302169,-0.875181184441,1.80899066303,0.0333333333333
9,10,10.0,3.0,0.0,13,180.0,36.8699,5.0,2.0,1.0,5.0,2.0,1.0,0.977848601,0.313676758,0.358057421,0.718982763,0.675457156116,-0.737399233965,-1.09170393309,0.0333333333333
10,11,7.0,3.0,0.0,10,180.0,60.0,5.0,2.0,1.0,5.0,2.0,1.0,0.809378322,0.327295373,0.292303544,0.551217448,-0.952412980415,-0.304810621102,0.32004038938,0.0333333333333
11,12,13.0,3.0,1.0,17,180.0,48.1897,4.0,2.0,0.0,4.0,2.0,0.0,1.298238535,0.457136851,0.473286926,0.942936881,-0.483795302169,-0.875181184441,1.80899066303,0.05
12,13,7.0,1.0,1.0,9,180.0,60.0,4.0,2.0,0.0,4.0,2.0,0.0,0.692450496,0.281536827,0.250101859,0.466733969,-0.952412980415,-0.304810621102,0.32004038938,0.05
13,14,13.0,3.0,1.0,17,180.0,48.1897,2.0,1.0,1.0,2.0,1.0,1.0,1.264961049,0.474055977,0.463834005,0.916933337,-0.483795302169,-0.875181184441,1.80899066303,0.166666666667
14,15,10.0,1.0,1.0,12,180.0,36.8699,2.0,1.0,1.0,2.0,1.0,1.0,1.282505029,0.43318411,0.462231815,0.930391733,0.675457156116,-0.737399233965,-1.09170393309,0.166666666667
15,16,5.0,7.0,1.0,13,180.0,28.0725,5.0,3.0,0.0,5.0,3.0,0.0,1.180109066,0.458642909,0.438727688,0.853775007,-0.979700593832,0.200466322471,-0.204619986691,0.0294117647059
16,17,4.0,2.0,4.0,10,180.0,28.0725,2.0,0.0,0.0,2.0,0.0,0.0,0.93795407,0.339087492,0.350366909,0.700028855,-0.979700593832,0.200466322471,-0.204619986691,0.25
17,18,7.0,3.0,0.0,10,180.0,60.0,4.0,4.0,2.0,2.0,0.0,0.0,0.809923067,0.324603694,0.303102304,0.572606684,-0.952412980415,-0.304810621102,0.32004038938,0.0555555555556
18,19,5.0,6.0,1.0,12,180.0,38.9424,4.0,4.0,2.0,4.0,4.0,2.0,1.159585013,0.426422869,0.415479911,0.831264238,0.321684647995,0.946846865784,2.94340084827,0.0277777777778
19,20,7.0,3.0,0.0,10,180.0,60.0,4.0,1.0,1.0,1.0,1.0,0.0,0.615369135,0.255581349,0.231452367,0.425285314,-0.952412980415,-0.304810621102,0.32004038938,0.138888888889
20,21,5.0,6.0,1.0,12,180.0,38.9424,4.0,1.0,1.0,4.0,1.0,1.0,0.89469494,0.306787341,0.330083184,0.61743596,0.321684647995,0.946846865784,2.94340084827,0.0555555555556
21,22,5.0,1.0,1.0,7,180.0,38.9424,4.0,4.0,2.0,4.0,4.0,2.0,1.154009391,0.46590083,0.428169256,0.822404127,0.321684647995,0.946846865784,2.94340084827,0.0277777777778
22,23,12.0,2.0,0.0,14,180.0,38.9424,4.0,1.0,1.0,1.0,1.0,0.0,1.233638234,0.483012219,0.447475645,0.880643734,0.321684647995,0.946846865784,2.94340084827,0.138888888889
23,24,8.0,2.0,2.0,12,180.0,38.9424,1.0,1.0,0.0,1.0,1.0,0.0,1.327798941,0.525117773,0.473847693,0.902577715,0.321684647995,0.946846865784,2.94340084827,0.5
24,25,7.0,9.0,1.0,17,180.0,21.7868,5.0,4.0,1.0,5.0,4.0,1.0,1.075053468,0.441163017,0.400467391,0.772864412,-0.979193385487,0.202929332082,-0.207241322388,0.0238095238095
25,26,7.0,4.0,0.0,11,180.0,38.2132,5.0,4.0,1.0,5.0,4.0,1.0,1.204910968,0.473062619,0.426999657,0.854816431,0.870741474923,0.491741073991,0.564738315738,0.0238095238095
26,27,5.0,2.0,0.0,7,180.0,60.0,5.0,4.0,1.0,5.0,4.0,1.0,1.000070976,0.381817899,0.356471253,0.67452199,-0.952412980415,-0.304810621102,0.32004038938,0.0238095238095
27,28,7.0,9.0,1.0,17,180.0,38.2132,3.0,2.0,1.0,3.0,2.0,1.0,1.186918374,0.43933652,0.42685546,0.864349461,0.870741474923,0.491741073991,0.564738315738,0.0714285714286
28,29,7.0,4.0,0.0,11,180.0,21.7868,3.0,2.0,1.0,3.0,2.0,1.0,1.160257932,0.444848054,0.428617869,0.835429932,-0.979193385487,0.202929332082,-0.207241322388,0.0714285714286
29,30,5.0,2.0,0.0,7,180.0,60.0,3.0,2.0,1.0,3.0,2.0,1.0,0.977864623,0.37550527,0.348668588,0.652251549,-0.952412980415,-0.304810621102,0.32004038938,0.0714285714286
30,31,6.0,1.0,3.0,10,180.0,21.7868,2.0,2.0,2.0,2.0,2.0,2.0,0.489020432,0.270353541,0.173100608,0.327599789,-0.979193385487,0.202929332082,-0.207241322388,0.0833333333333
31,32,6.0,1.0,3.0,10,180.0,38.2132,2.0,2.0,2.0,2.0,2.0,2.0,0.489164629,0.270161278,0.173132651,0.327551724,0.870741474923,0.491741073991,0.564738315738,0.0833333333333
32,33,5.0,6.0,1.0,12,180.0,50.4788,6.0,2.0,2.0,6.0,2.0,2.0,0.423843343,0.128896186,0.155957175,0.308854166,0.97733395926,0.211703405919,0.216613168829,0.0227272727273
33,34,5.0,6.0,1.0,12,180.0,50.4788,3.0,3.0,2.0,3.0,3.0,2.0,0.979691119,0.360861254,0.359723699,0.700253161,0.97733395926,0.211703405919,0.216613168829,0.0454545454545
34,35,8.0,2.0,2.0,12,180.0,50.4788,1.0,1.0,0.0,1.0,1.0,0.0,1.241921557,0.494307659,0.455598748,0.877375266,0.97733395926,0.211703405919,0.216613168829,0.5
35,36,5.0,7.0,1.0,13,180.0,16.2602,7.0,1.0,0.0,7.0,1.0,0.0,1.098637705,0.449302142,0.426727285,0.781836676,-0.85135327918,-0.52459278877,0.616186959748,0.02
36,37,6.0,4.0,0.0,10,180.0,36.8699,7.0,1.0,0.0,1.0,1.0,0.0,1.306425726,0.50983288,0.476250978,0.941783304,0.675457156116,-0.737399233965,-1.09170393309,0.08
37,38,17.0,1.0,0.0,18,180.0,48.1897,7.0,1.0,0.0,4.0,1.0,1.0,1.364825552,0.500508134,0.499658973,0.992732946,-0.483795302169,-0.875181184441,1.80899066303,0.0322222222222
38,39,4.0,2.0,4.0,10,180.0,16.2602,2.0,0.0,0.0,2.0,0.0,0.0,0.801751898,0.313740846,0.29345712,0.57045975,-0.85135327918,-0.52459278877,0.616186959748,0.25
39,40,5.0,7.0,1.0,13,180.0,22.6199,6.0,4.0,0.0,6.0,4.0,0.0,1.091075368,0.421472101,0.413909765,0.787220035,-0.80876246978,-0.588135415934,0.727204139547,0.0192307692308
40,41,5.0,7.0,1.0,13,180.0,43.6028,7.0,3.0,0.0,7.0,3.0,0.0,1.345182702,0.4906066,0.50316777,0.984978346,0.928851035421,-0.370453443764,-0.398829768862,0.0172413793103
41,42,4.0,2.0,4.0,10,180.0,43.6028,2.0,0.0,0.0,2.0,0.0,0.0,0.982302689,0.33806209,0.374576,0.744361452,0.928851035421,-0.370453443764,-0.398829768862,0.25
42,43,7.0,9.0,1.0,17,180.0,33.5573,7.0,4.0,1.0,7.0,4.0,1.0,1.179179796,0.472597984,0.441835936,0.853230263,-0.540117851296,0.841589393179,-1.55815881878,0.0151515151515
43,44,11.0,3.0,0.0,14,180.0,50.4788,7.0,4.0,1.0,7.0,4.0,1.0,1.252303748,0.472453787,0.459027435,0.901328006,0.97733395926,0.211703405919,0.216613168829,0.0151515151515
44,45,7.0,2.0,0.0,9,180.0,60.0,7.0,4.0,1.0,7.0,4.0,1.0,0.602968185,0.247522333,0.217721599,0.402101624,-0.952412980415,-0.304810621102,0.32004038938,0.0151515151515
45,46,13.0,3.0,1.0,17,180.0,33.5573,6.0,2.0,2.0,6.0,2.0,2.0,1.133437272,0.433168088,0.415495933,0.806189964,-0.540117851296,0.841589393179,-1.55815881878,0.0227272727273
46,47,7.0,1.0,1.0,9,180.0,60.0,6.0,2.0,2.0,6.0,2.0,2.0,0.87420293,0.353699464,0.315599386,0.597969352,-0.952412980415,-0.304810621102,0.32004038938,0.0227272727273
47,48,14.0,2.0,1.0,17,180.0,33.5573,2.0,1.0,1.0,2.0,1.0,1.0,1.37493537,0.514575362,0.496646856,0.994943968,-0.540117851296,0.841589393179,-1.55815881878,0.166666666667
48,49,11.0,1.0,1.0,13,180.0,50.4788,2.0,1.0,1.0,2.0,1.0,1.0,1.179756585,0.454909807,0.431838271,0.840188436,0.97733395926,0.211703405919,0.216613168829,0.166666666667
49,50,5.0,6.0,1.0,12,180.0,61.9275,6.0,4.0,4.0,6.0,4.0,4.0,0.919352644,0.330900301,0.332598622,0.631358991,0.618194211255,-0.786025392192,-1.27148617357,0.0147058823529
50,51,5.0,6.0,1.0,12,180.0,61.9275,4.0,3.0,3.0,4.0,3.0,3.0,0.848583912,0.3143657,0.316833073,0.592618037,0.618194211255,-0.786025392192,-1.27148617357,0.0294117647059
51,52,5.0,7.0,1.0,13,180.0,28.0725,8.0,2.0,0.0,8.0,2.0,0.0,1.240912177,0.481474117,0.46724667,0.911614066,-0.979700593832,0.200466322471,-0.204619986691,0.0147058823529
52,53,8.0,2.0,2.0,12,180.0,61.9275,1.0,1.0,0.0,1.0,1.0,0.0,0.910412424,0.348091799,0.332454425,0.641693117,0.618194211255,-0.786025392192,-1.27148617357,0.5
53,54,7.0,9.0,1.0,17,180.0,43.2332,6.0,5.0,3.0,6.0,5.0,3.0,1.262669917,0.475898496,0.456351778,0.908906365,0.732303987956,-0.680977877191,-0.929911468995,0.0142857142857
54,55,10.0,2.0,0.0,12,180.0,36.8699,6.0,5.0,3.0,6.0,5.0,3.0,1.178554942,0.414646772,0.419757758,0.854127489,0.675457156116,-0.737399233965,-1.09170393309,0.0142857142857
55,56,10.0,3.0,0.0,13,180.0,38.2132,6.0,5.0,3.0,6.0,5.0,3.0,0.681908086,0.306835407,0.239976018,0.469233385,0.870741474923,0.491741073991,0.564738315738,0.0142857142857
56,57,14.0,2.0,1.0,17,180.0,43.2332,4.0,2.0,0.0,4.0,2.0,0.0,0.954680933,0.400130931,0.341650996,0.645282023,0.732303987956,-0.680977877191,-0.929911468995,0.05
57,58,10.0,1.0,1.0,12,180.0,38.2132,4.0,2.0,0.0,4.0,2.0,0.0,1.196948083,0.466061049,0.427800752,0.862154461,0.870741474923,0.491741073991,0.564738315738,0.05
58,59,14.0,3.0,0.0,17,180.0,43.2332,3.0,2.0,1.0,3.0,2.0,1.0,1.254306485,0.478734372,0.453243529,0.890849684,0.732303987956,-0.680977877191,-0.929911468995,0.0714285714286
59,60,10.0,1.0,0.0,11,180.0,36.8699,3.0,2.0,1.0,3.0,2.0,1.0,1.064879562,0.364994904,0.393529908,0.779481457,0.675457156116,-0.737399233965,-1.09170393309,0.0714285714286
60,61,5.0,7.0,1.0,13,180.0,18.9246,7.0,5.0,0.0,7.0,5.0,0.0,1.019104993,0.40703637,0.387938265,0.729509151,0.997185514357,0.0749736617486,0.0751852696105,0.0135135135135
61,62,4.0,2.0,4.0,10,180.0,18.9246,2.0,0.0,0.0,2.0,0.0,0.0,0.843569057,0.324395409,0.310456356,0.60950512,0.997185514357,0.0749736617486,0.0751852696105,0.25
62,63,5.0,6.0,1.0,12,180.0,26.5254,6.0,6.0,2.0,6.0,6.0,2.0,1.138884718,0.419485386,0.414470531,0.805757373,0.177196909724,0.984175418909,5.55413421398,0.0131578947368
63,64,5.0,6.0,1.0,12,180.0,26.5254,6.0,1.0,1.0,6.0,1.0,1.0,0.994255026,0.347226617,0.37979914,0.712109367,0.177196909724,0.984175418909,5.55413421398,0.0263157894737
64,65,8.0,2.0,2.0,12,180.0,26.5254,1.0,1.0,0.0,1.0,1.0,0.0,1.300353426,0.516321749,0.457665574,0.922749287,0.177196909724,0.984175418909,5.55413421398,0.5
65,66,7.0,9.0,1.0,17,180.0,32.2042,7.0,5.0,2.0,7.0,5.0,2.0,1.217343962,0.44388674,0.444607725,0.885963004,0.705070716413,0.709137000062,1.00576719974,0.0128205128205
66,67,7.0,4.0,0.0,11,180.0,27.7958,7.0,5.0,2.0,7.0,5.0,2.0,1.229023927,0.465708567,0.446322068,0.889327603,-0.887670991858,0.460478240761,-0.518748776275,0.0128205128205
67,68,5.0,2.0,0.0,7,180.0,60.0,7.0,5.0,2.0,7.0,5.0,2.0,0.988374989,0.383612352,0.352161362,0.661239835,-0.952412980415,-0.304810621102,0.32004038938,0.0128205128205
68,69,7.0,9.0,1.0,17,180.0,27.7958,4.0,3.0,1.0,4.0,3.0,1.0,1.1574541,0.448549112,0.423250532,0.839098947,-0.887670991858,0.460478240761,-0.518748776275,0.0384615384615
69,70,7.0,4.0,0.0,11,180.0,32.2042,4.0,3.0,1.0,4.0,3.0,1.0,1.232644877,0.447411558,0.437958637,0.884168552,0.705070716413,0.709137000062,1.00576719974,0.0384615384615
70,71,5.0,2.0,0.0,7,180.0,60.0,4.0,3.0,1.0,4.0,3.0,1.0,0.994271048,0.378100818,0.354244209,0.667280091,-0.952412980415,-0.304810621102,0.32004038938,0.0384615384615
71,72,6.0,1.0,3.0,10,180.0,32.2042,2.0,2.0,2.0,2.0,2.0,2.0,0.498040762,0.282706426,0.176673491,0.333672089,0.705070716413,0.709137000062,1.00576719974,0.0833333333333
72,73,6.0,1.0,3.0,10,180.0,27.7958,2.0,2.0,2.0,2.0,2.0,2.0,0.497864521,0.282097593,0.176529294,0.333399717,-0.887670991858,0.460478240761,-0.518748776275,0.0833333333333
73,74,5.0,7.0,1.0,13,180.0,12.6804,9.0,1.0,0.0,9.0,1.0,0.0,1.00103229,0.419245057,0.390694032,0.709129294,0.993505691145,0.113782431252,0.114526199765,0.0121951219512
74,75,4.0,2.0,4.0,10,180.0,12.6804,2.0,0.0,0.0,2.0,0.0,0.0,0.731287582,0.291774821,0.26562708,0.508631237,0.993505691145,0.113782431252,0.114526199765,0.25
75,76,7.0,9.0,1.0,17,180.0,44.4153,8.0,4.0,2.0,8.0,4.0,2.0,1.085499747,0.395292317,0.409263414,0.785185253,0.907709853057,0.419598406412,0.462260495465,0.0119047619048
76,77,10.0,3.0,0.0,13,180.0,38.2132,8.0,4.0,2.0,8.0,4.0,2.0,0.824390843,0.344438806,0.289772083,0.571244823,0.870741474923,0.491741073991,0.564738315738,0.0119047619048
77,78,7.0,2.0,0.0,9,180.0,60.0,8.0,4.0,2.0,8.0,4.0,2.0,0.934765712,0.378757716,0.337260995,0.641036219,-0.952412980415,-0.304810621102,0.32004038938,0.0119047619048
78,79,14.0,3.0,0.0,17,180.0,44.4153,3.0,2.0,1.0,3.0,2.0,1.0,1.238797286,0.439608892,0.443918783,0.896873918,0.907709853057,0.419598406412,0.462260495465,0.0714285714286
79,80,2.0,1.0,0.0,3,180.0,60.0,3.0,2.0,1.0,3.0,2.0,1.0,0.473431123,0.205016232,0.17278017,0.313676758,-0.952412980415,-0.304810621102,0.32004038938,0.0714285714286
80,81,14.0,2.0,1.0,17,180.0,44.4153,2.0,1.0,1.0,2.0,1.0,1.0,1.101745954,0.442572944,0.410977757,0.779865983,0.907709853057,0.419598406412,0.462260495465,0.166666666667
81,82,10.0,1.0,1.0,12,180.0,38.2132,2.0,1.0,1.0,2.0,1.0,1.0,1.096715077,0.400467391,0.385951549,0.784992991,0.870741474923,0.491741073991,0.564738315738,0.166666666667
82,83,16.0,4.0,0.0,20,180.0,48.1897,7.0,5.0,4.0,3.0,1.0,0.0,1.279524956,0.48099346,0.466429553,0.923886842,-0.483795302169,-0.875181184441,1.80899066303,0.0288888888889
83,84,7.0,1.0,0.0,8,180.0,60.0,7.0,5.0,4.0,3.0,1.0,0.0,0.941350713,0.380119578,0.341090229,0.646932278,-0.952412980415,-0.304810621102,0.32004038938,0.0288888888889
84,85,7.0,9.0,1.0,17,180.0,53.1301,7.0,5.0,4.0,7.0,5.0,4.0,1.125730738,0.420206371,0.404152428,0.804491643,-0.961886985387,0.273447302679,-0.284282152512,0.0111111111111
85,86,15.0,2.0,0.0,17,180.0,28.6246,7.0,5.0,4.0,7.0,5.0,4.0,1.108523217,0.452442434,0.417722977,0.793965255,-0.939281428413,-0.343147779009,0.365330100893,0.0111111111111
86,87,11.0,1.0,0.0,12,180.0,38.9424,7.0,5.0,4.0,7.0,5.0,4.0,1.156300523,0.47011459,0.420574875,0.810820293,0.321684647995,0.946846865784,2.94340084827,0.0111111111111
87,88,16.0,4.0,0.0,20,180.0,48.1897,8.0,5.0,1.0,3.0,1.0,0.0,1.217392028,0.460197034,0.446065718,0.878753149,-0.483795302169,-0.875181184441,1.80899066303,0.0322222222222
88,89,7.0,1.0,0.0,8,180.0,60.0,8.0,5.0,1.0,3.0,1.0,0.0,0.735212947,0.298455953,0.266171825,0.498393243,-0.952412980415,-0.304810621102,0.32004038938,0.0322222222222
89,90,12.0,1.0,0.0,13,180.0,38.9424,8.0,5.0,1.0,7.0,5.0,4.0,1.244613236,0.488011052,0.458130209,0.893813735,0.321684647995,0.946846865784,2.94340084827,0.0104938271605
90,91,16.0,2.0,0.0,18,180.0,36.8699,8.0,5.0,1.0,7.0,5.0,4.0,1.273596853,0.479775796,0.460373275,0.909579285,0.675457156116,-0.737399233965,-1.09170393309,0.0104938271605
91,92,10.0,2.0,0.0,12,180.0,36.8699,8.0,5.0,1.0,7.0,5.0,4.0,1.153176253,0.433488526,0.418620203,0.835429932,0.675457156116,-0.737399233965,-1.09170393309,0.0104938271605
92,93,0.0,3.0,0.0,3,160.812,67.1146,8.0,5.0,1.0,7.0,5.0,4.0,1.155980085,0.451096595,0.425461555,0.829437741,-0.416545413422,-0.909114909435,2.18251091031,0.0104938271605
93,94,7.0,9.0,1.0,17,180.0,28.6246,8.0,5.0,1.0,8.0,5.0,1.0,1.132812418,0.474071999,0.42550962,0.816716353,-0.939281428413,-0.343147779009,0.365330100893,0.0111111111111
94,95,15.0,2.0,0.0,17,180.0,53.1301,8.0,5.0,1.0,8.0,5.0,1.0,1.033444594,0.400355237,0.373198117,0.723212544,-0.961886985387,0.273447302679,-0.284282152512,0.0111111111111
95,96,11.0,1.0,0.0,12,180.0,38.9424,8.0,5.0,1.0,8.0,5.0,1.0,1.150901143,0.430957066,0.421744474,0.815226316,0.321684647995,0.946846865784,2.94340084827,0.0111111111111
96,97,16.0,1.0,0.0,17,180.0,48.1897,4.0,4.0,2.0,2.0,0.0,0.0,1.234182979,0.445633127,0.450696047,0.893028662,-0.483795302169,-0.875181184441,1.80899066303,0.0555555555556
97,98,15.0,1.0,1.0,17,180.0,28.6246,4.0,4.0,2.0,4.0,4.0,2.0,1.251102105,0.454637434,0.450936376,0.899453444,-0.939281428413,-0.343147779009,0.365330100893,0.0277777777778
98,99,15.0,1.0,1.0,17,180.0,53.1301,4.0,4.0,2.0,4.0,4.0,2.0,1.106296173,0.440810535,0.413316954,0.786547115,-0.961886985387,0.273447302679,-0.284282152512,0.0277777777778
99,100,13.0,3.0,1.0,17,180.0,36.8699,4.0,4.0,2.0,4.0,4.0,2.0,1.142201251,0.467006341,0.42365108,0.812198177,0.675457156116,-0.737399233965,-1.09170393309,0.0277777777778
100,101,10.0,1.0,1.0,12,180.0,36.8699,4.0,4.0,2.0,4.0,4.0,2.0,1.162372823,0.400435347,0.420687028,0.842143108,0.675457156116,-0.737399233965,-1.09170393309,0.0277777777778
101,102,6.0,4.0,0.0,10,180.0,36.8699,8.0,6.0,0.0,2.0,0.0,0.0,1.276753167,0.512684778,0.468736706,0.920602352,0.675457156116,-0.737399233965,-1.09170393309,0.04
102,103,5.0,7.0,1.0,13,180.0,16.2602,8.0,6.0,0.0,8.0,6.0,0.0,0.9392198,0.381785855,0.362543553,0.672086661,-0.85135327918,-0.52459278877,0.616186959748,0.01
103,104,16.0,1.0,0.0,17,180.0,51.6839,8.0,6.0,0.0,2.0,0.0,0.0,1.242482323,0.46817594,0.4524905,0.890609355,0.151789780498,0.988412799662,6.51172164832,0.04
104,105,15.0,1.0,1.0,17,180.0,51.6839,8.0,6.0,0.0,8.0,6.0,0.0,0.997635647,0.388851513,0.35475691,0.701855351,0.151789780498,0.988412799662,6.51172164832,0.01
105,106,17.0,1.0,0.0,18,180.0,51.6839,7.0,1.0,0.0,5.0,4.0,3.0,1.238252542,0.476891854,0.45763353,0.89216348,0.151789780498,0.988412799662,6.51172164832,0.0156
106,108,10.0,4.0,0.0,14,180.0,36.8699,5.0,4.0,3.0,1.0,1.0,0.0,1.044243354,0.368920269,0.377331767,0.757403279,0.675457156116,-0.737399233965,-1.09170393309,0.09
107,109,7.0,9.0,1.0,17,180.0,51.6839,5.0,4.0,3.0,5.0,4.0,3.0,1.09597807,0.413477173,0.393722171,0.786098502,0.151789780498,0.988412799662,6.51172164832,0.02
108,110,10.0,1.0,0.0,11,180.0,16.2602,5.0,4.0,3.0,5.0,4.0,3.0,0.915619541,0.357400523,0.344743222,0.648774797,-0.85135327918,-0.52459278877,0.616186959748,0.02
109,111,8.0,2.0,0.0,10,180.0,51.6839,5.0,4.0,3.0,5.0,4.0,3.0,1.097948763,0.426086409,0.397150857,0.772720215,0.151789780498,0.988412799662,6.51172164832,0.02
110,112,5.0,7.0,1.0,13,180.0,31.8908,9.0,5.0,0.0,9.0,5.0,0.0,1.25544404,0.479743752,0.469201342,0.913600782,0.889350584235,0.457225916065,0.514112122002,0.00943396226415
111,113,4.0,2.0,4.0,10,180.0,31.8908,2.0,0.0,0.0,2.0,0.0,0.0,0.96232338,0.344647091,0.361966765,0.723356741,0.889350584235,0.457225916065,0.514112122002,0.25
112,114,5.0,6.0,1.0,12,180.0,31.5863,10.0,2.0,2.0,10.0,2.0,2.0,0.940854034,0.334072637,0.353699464,0.687708014,0.985521514645,0.16955041779,0.172041315456,0.00925925925926
113,115,10.0,3.0,0.0,13,180.0,38.9424,10.0,2.0,2.0,2.0,2.0,2.0,0.93761761,0.359002713,0.33839855,0.648101877,0.321684647995,0.946846865784,2.94340084827,0.0216049382716
114,116,7.0,2.0,0.0,9,180.0,60.0,10.0,2.0,2.0,2.0,2.0,2.0,0.902914175,0.349549792,0.335770958,0.629868955,-0.952412980415,-0.304810621102,0.32004038938,0.0216049382716
115,117,5.0,6.0,1.0,12,180.0,31.5863,5.0,5.0,2.0,5.0,5.0,2.0,1.191292353,0.453644077,0.435907833,0.839723801,0.985521514645,0.16955041779,0.172041315456,0.0185185185185
116,118,10.0,3.0,0.0,13,180.0,38.9424,5.0,5.0,2.0,2.0,1.0,1.0,1.08240752,0.412419728,0.396638156,0.742230539,0.321684647995,0.946846865784,2.94340084827,0.0524691358025
117,119,7.0,2.0,0.0,9,180.0,60.0,5.0,5.0,2.0,2.0,1.0,1.0,0.409679983,0.183626996,0.158344438,0.280479381,-0.952412980415,-0.304810621102,0.32004038938,0.0524691358025
118,120,14.0,2.0,1.0,17,180.0,35.4309,10.0,2.0,2.0,10.0,2.0,2.0,1.279877438,0.503696492,0.472886379,0.929093959,-0.642238815716,-0.766504601152,1.19348843825,0.00925925925926
119,121,11.0,1.0,1.0,13,180.0,38.9424,10.0,2.0,2.0,10.0,2.0,2.0,1.342603176,0.504593719,0.494019265,0.967610607,0.321684647995,0.946846865784,2.94340084827,0.00925925925926
120,122,16.0,2.0,0.0,18,180.0,35.4309,7.0,2.0,1.0,5.0,5.0,2.0,1.31033507,0.498970032,0.476010649,0.936592208,-0.642238815716,-0.766504601152,1.19348843825,0.0161179698217
121,123,12.0,1.0,0.0,13,180.0,38.9424,7.0,2.0,1.0,5.0,5.0,2.0,1.111983948,0.430941044,0.408173924,0.784928903,0.321684647995,0.946846865784,2.94340084827,0.0161179698217
122,124,7.0,9.0,1.0,17,180.0,35.4309,7.0,2.0,1.0,7.0,2.0,1.0,1.20704188,0.454445172,0.455758967,0.889856326,-0.642238815716,-0.766504601152,1.19348843825,0.0185185185185
123,125,11.0,2.0,0.0,13,180.0,31.5863,7.0,2.0,1.0,7.0,2.0,1.0,1.309101383,0.520679706,0.482835978,0.930984543,0.985521514645,0.16955041779,0.172041315456,0.0185185185185
124,126,11.0,2.0,0.0,13,180.0,38.9424,7.0,2.0,1.0,7.0,2.0,1.0,1.332365182,0.507365507,0.490318206,0.965623891,0.321684647995,0.946846865784,2.94340084827,0.0185185185185
125,127,7.0,2.0,0.0,9,180.0,60.0,7.0,2.0,1.0,2.0,1.0,1.0,0.900286583,0.364017568,0.325420811,0.617403917,-0.952412980415,-0.304810621102,0.32004038938,0.0524691358025
126,128,12.0,4.0,0.0,16,180.0,38.9424,7.0,2.0,1.0,2.0,1.0,1.0,1.281735978,0.484630431,0.468288093,0.915603519,0.321684647995,0.946846865784,2.94340084827,0.0524691358025
127,129,11.0,1.0,1.0,13,180.0,31.5863,4.0,1.0,1.0,4.0,1.0,1.0,1.355228433,0.535740292,0.49001379,0.96072119,0.985521514645,0.16955041779,0.172041315456,0.0555555555556
128,130,14.0,2.0,1.0,17,180.0,35.4309,4.0,1.0,1.0,4.0,1.0,1.0,1.347714162,0.525934889,0.492721491,0.973586775,-0.642238815716,-0.766504601152,1.19348843825,0.0555555555556
129,131,16.0,1.0,0.0,17,180.0,35.4309,4.0,1.0,1.0,1.0,1.0,0.0,1.325491787,0.514511275,0.489276782,0.95903889,-0.642238815716,-0.766504601152,1.19348843825,0.138888888889
130,132,8.0,2.0,2.0,12,180.0,31.5863,1.0,1.0,0.0,1.0,1.0,0.0,1.296363973,0.533128723,0.478413934,0.921980236,0.985521514645,0.16955041779,0.172041315456,0.5
131,133,7.0,9.0,1.0,17,180.0,35.0968,10.0,3.0,1.0,10.0,3.0,1.0,1.256213091,0.46876875,0.473270904,0.928212755,-0.858078220715,-0.513519003675,0.598452438575,0.00909090909091
132,134,11.0,3.0,0.0,14,180.0,50.4788,10.0,3.0,1.0,10.0,3.0,1.0,1.256533529,0.459011413,0.45830645,0.913905198,0.97733395926,0.211703405919,0.216613168829,0.00909090909091
133,135,10.0,2.0,0.0,12,180.0,36.8699,10.0,3.0,1.0,10.0,3.0,1.0,0.967161994,0.317554058,0.359002713,0.719559551,0.675457156116,-0.737399233965,-1.09170393309,0.00909090909091
134,136,13.0,3.0,1.0,17,180.0,35.0968,6.0,2.0,2.0,6.0,2.0,2.0,1.291557403,0.485095066,0.476939919,0.947519144,-0.858078220715,-0.513519003675,0.598452438575,0.0227272727273
135,137,10.0,1.0,1.0,12,180.0,36.8699,6.0,2.0,2.0,6.0,2.0,2.0,1.210566698,0.45510207,0.450327543,0.891282275,0.675457156116,-0.737399233965,-1.09170393309,0.0227272727273
136,138,14.0,2.0,1.0,17,180.0,35.0968,3.0,1.0,0.0,3.0,1.0,0.0,1.273372546,0.476891854,0.474985247,0.925761404,-0.858078220715,-0.513519003675,0.598452438575,0.1
137,139,11.0,1.0,1.0,13,180.0,50.4788,3.0,1.0,0.0,3.0,1.0,0.0,1.263070465,0.474039955,0.460789844,0.91771841,0.97733395926,0.211703405919,0.216613168829,0.1
138,140,7.0,9.0,1.0,17,180.0,13.1736,8.0,7.0,1.0,8.0,7.0,1.0,0.858453402,0.357096107,0.323482161,0.606781397,0.821232064694,0.570594335687,0.694802797185,0.00877192982456
139,141,7.0,4.0,0.0,11,180.0,46.8264,8.0,7.0,1.0,8.0,7.0,1.0,1.182704614,0.442989513,0.41463075,0.833106756,-0.956075292206,0.293121196151,-0.306587983751,0.00877192982456
140,142,5.0,2.0,0.0,7,180.0,60.0,8.0,7.0,1.0,8.0,7.0,1.0,1.004188604,0.371307533,0.358457969,0.682100349,-0.952412980415,-0.304810621102,0.32004038938,0.00877192982456
141,143,7.0,9.0,1.0,17,180.0,46.8264,5.0,3.0,2.0,5.0,3.0,2.0,1.181038337,0.433584658,0.430844913,0.849465116,-0.956075292206,0.293121196151,-0.306587983751,0.0263157894737
142,144,7.0,4.0,0.0,11,180.0,13.1736,5.0,3.0,2.0,5.0,3.0,2.0,0.966937687,0.399233704,0.362880013,0.685577101,0.821232064694,0.570594335687,0.694802797185,0.0263157894737
143,145,5.0,2.0,0.0,7,180.0,60.0,5.0,3.0,2.0,5.0,3.0,2.0,0.950050604,0.356102749,0.340144937,0.635108116,-0.952412980415,-0.304810621102,0.32004038938,0.0263157894737
144,146,6.0,1.0,3.0,10,180.0,13.1736,2.0,2.0,2.0,2.0,2.0,2.0,0.448340828,0.232493791,0.158056044,0.296421172,0.821232064694,0.570594335687,0.694802797185,0.0833333333333
145,147,6.0,1.0,3.0,10,180.0,46.8264,2.0,2.0,2.0,2.0,2.0,2.0,0.448052434,0.231772805,0.157911846,0.295892449,-0.956075292206,0.293121196151,-0.306587983751,0.0833333333333
146,148,5.0,7.0,1.0,13,180.0,43.6028,10.0,4.0,0.0,10.0,4.0,0.0,1.336130329,0.488940322,0.495877805,0.979899404,0.928851035421,-0.370453443764,-0.398829768862,0.00862068965517
147,149,5.0,7.0,1.0,13,180.0,10.3889,11.0,1.0,0.0,11.0,1.0,0.0,0.922621112,0.390998448,0.357448589,0.643551657,-0.570138383461,-0.821548673971,1.44096362884,0.00819672131148
148,150,4.0,2.0,4.0,10,180.0,10.3889,2.0,0.0,0.0,2.0,0.0,0.0,0.672310968,0.271795512,0.243004157,0.459620245,-0.570138383461,-0.821548673971,1.44096362884,0.25
149,151,5.0,7.0,1.0,13,180.0,30.5102,11.0,3.0,0.0,11.0,3.0,0.0,1.274990758,0.493570651,0.481041526,0.936255748,0.617114050854,-0.786873718102,-1.27508637506,0.00769230769231
150,152,6.0,4.0,0.0,10,180.0,22.6199,11.0,3.0,0.0,9.0,7.0,0.0,1.205359581,0.468640575,0.449830864,0.874106798,-0.80876246978,-0.588135415934,0.727204139547,0.00710059171598
151,153,6.0,4.0,0.0,10,180.0,36.8699,11.0,3.0,0.0,9.0,7.0,0.0,1.321999013,0.494772294,0.482179081,0.958734474,0.675457156116,-0.737399233965,-1.09170393309,0.00710059171598
152,154,5.0,7.0,1.0,13,180.0,14.25,9.0,7.0,0.0,9.0,7.0,0.0,0.882534318,0.364081656,0.337549389,0.622611034,-0.112593792634,0.993641101133,-8.82500782582,0.00769230769231
153,155,4.0,2.0,4.0,10,180.0,30.5102,2.0,0.0,0.0,2.0,0.0,0.0,0.955433963,0.344711179,0.358506034,0.71651539,0.617114050854,-0.786873718102,-1.27508637506,0.25
154,156,4.0,2.0,4.0,10,180.0,14.25,2.0,0.0,0.0,2.0,0.0,0.0,0.765686601,0.302637669,0.279165586,0.538351862,-0.112593792634,0.993641101133,-8.82500782582,0.25
155,157,5.0,6.0,1.0,12,180.0,20.05,8.0,8.0,2.0,8.0,8.0,2.0,1.088191426,0.408798779,0.413044582,0.792507262,0.361943820278,0.932199909334,2.57553757547,0.00757575757576
156,158,10.0,3.0,0.0,13,180.0,50.4788,10.0,4.0,4.0,8.0,8.0,2.0,0.944507027,0.350046471,0.348844829,0.657058119,0.97733395926,0.211703405919,0.216613168829,0.0068870523416
157,159,7.0,2.0,0.0,9,180.0,60.0,10.0,4.0,4.0,8.0,8.0,2.0,0.491567914,0.212065868,0.186270609,0.335578696,-0.952412980415,-0.304810621102,0.32004038938,0.0068870523416
158,160,5.0,6.0,1.0,12,180.0,58.9924,10.0,4.0,4.0,10.0,4.0,4.0,0.779193063,0.290044456,0.291518471,0.52518186,-0.766218792017,0.642579771514,-0.838637446913,0.00757575757576
159,161,5.0,6.0,1.0,12,180.0,20.05,8.0,1.0,1.0,8.0,1.0,1.0,0.980059623,0.370298153,0.364017568,0.648614578,0.361943820278,0.932199909334,2.57553757547,0.0151515151515
160,162,10.0,3.0,0.0,13,180.0,50.4788,8.0,1.0,1.0,5.0,5.0,4.0,0.854287708,0.302701757,0.317746321,0.605403513,0.97733395926,0.211703405919,0.216613168829,0.0112488521579
161,163,7.0,2.0,0.0,9,180.0,60.0,8.0,1.0,1.0,5.0,5.0,4.0,0.876445996,0.343765886,0.321591577,0.615625486,-0.952412980415,-0.304810621102,0.32004038938,0.0112488521579
162,164,5.0,6.0,1.0,12,180.0,58.9924,5.0,5.0,4.0,5.0,5.0,4.0,0.731495866,0.288714638,0.281008104,0.509528464,-0.766218792017,0.642579771514,-0.838637446913,0.0151515151515
163,165,8.0,2.0,2.0,12,180.0,20.05,1.0,1.0,0.0,1.0,1.0,0.0,1.198742536,0.478638241,0.42812119,0.839835954,0.361943820278,0.932199909334,2.57553757547,0.5
164,166,8.0,2.0,2.0,12,180.0,58.9924,1.0,1.0,0.0,1.0,1.0,0.0,1.188071951,0.469137254,0.424275934,0.846068473,-0.766218792017,0.642579771514,-0.838637446913,0.5
165,167,7.0,9.0,1.0,17,180.0,34.0477,10.0,6.0,2.0,10.0,6.0,2.0,1.029423097,0.444976229,0.378757716,0.729364954,-0.872832760957,0.488019437522,-0.55912135675,0.00714285714286
166,168,10.0,3.0,0.0,13,180.0,38.2132,10.0,6.0,2.0,10.0,6.0,2.0,0.943802063,0.326542344,0.329971031,0.677453998,0.870741474923,0.491741073991,0.564738315738,0.00714285714286
167,169,10.0,2.0,0.0,12,180.0,36.8699,10.0,6.0,2.0,10.0,6.0,2.0,0.908265489,0.298471975,0.331957746,0.668513778,0.675457156116,-0.737399233965,-1.09170393309,0.00714285714286
168,170,14.0,3.0,0.0,17,180.0,34.0477,3.0,2.0,1.0,3.0,2.0,1.0,1.16673078,0.46791959,0.429178635,0.848359605,-0.872832760957,0.488019437522,-0.55912135675,0.0714285714286
169,171,0.0,1.0,0.0,1,180.0,180.0,3.0,2.0,1.0,3.0,2.0,1.0,1.129784279,0.418459984,0.414486553,0.825928945,-0.598460069058,-0.801152635734,1.33869021035,0.0714285714286
170,172,14.0,2.0,1.0,17,180.0,34.0477,3.0,1.0,0.0,3.0,1.0,0.0,1.371747012,0.51363007,0.488732038,0.99183572,-0.872832760957,0.488019437522,-0.55912135675,0.1
171,173,10.0,1.0,1.0,12,180.0,38.2132,3.0,1.0,0.0,3.0,1.0,0.0,1.007409006,0.4044248,0.356775669,0.708520462,0.870741474923,0.491741073991,0.564738315738,0.1
172,174,16.0,1.0,1.0,18,180.0,48.1897,10.0,6.0,2.0,10.0,6.0,2.0,1.108346976,0.39599728,0.413765568,0.799893358,-0.483795302169,-0.875181184441,1.80899066303,0.00714285714286
173,175,16.0,1.0,1.0,18,180.0,44.4153,10.0,6.0,2.0,10.0,6.0,2.0,1.22474608,0.441499476,0.440313856,0.871431141,0.907709853057,0.419598406412,0.462260495465,0.00714285714286
174,176,14.0,3.0,0.0,17,180.0,44.0241,10.0,6.0,2.0,10.0,6.0,2.0,0.966809512,0.415848415,0.333912418,0.641725161,0.999126388106,0.0417906758782,0.0418272166321,0.00714285714286
175,177,7.0,1.0,0.0,8,180.0,60.0,10.0,6.0,2.0,10.0,6.0,2.0,0.959599657,0.389684652,0.34632939,0.657458667,-0.952412980415,-0.304810621102,0.32004038938,0.00714285714286
176,179,14.0,3.0,0.0,17,180.0,52.4449,10.0,6.0,2.0,10.0,6.0,2.0,1.234839877,0.467647217,0.43925641,0.882710559,-0.571736798172,0.820437099122,-1.43499089396,0.00714285714286
177,180,16.0,1.0,0.0,17,180.0,22.9809,10.0,6.0,2.0,10.0,6.0,2.0,1.178859358,0.455486595,0.435779658,0.84722205,-0.548897658893,-0.83588956212,1.52285138874,0.00714285714286
178,181,16.0,1.0,0.0,17,180.0,28.6246,10.0,6.0,2.0,10.0,6.0,2.0,1.325379634,0.519830546,0.488507731,0.949441772,-0.939281428413,-0.343147779009,0.365330100893,0.00714285714286
179,182,21.0,2.0,1.0,24,176.771,19.1881,10.0,6.0,2.0,10.0,6.0,2.0,1.099518909,0.435603417,0.395019945,0.759277841,0.943239197215,0.332114162355,0.352099619413,0.00714285714286
180,183,12.0,0.0,1.0,13,180.0,38.9424,10.0,6.0,2.0,10.0,6.0,2.0,1.183489687,0.452666741,0.430876957,0.844530371,0.321684647995,0.946846865784,2.94340084827,0.00714285714286
181,184,16.0,1.0,0.0,17,180.0,38.2132,10.0,6.0,2.0,10.0,6.0,2.0,1.240287323,0.449462361,0.451240792,0.884136508,0.870741474923,0.491741073991,0.564738315738,0.00714285714286
182,185,16.0,1.0,0.0,17,180.0,53.1301,10.0,6.0,2.0,10.0,6.0,2.0,1.186758155,0.443197798,0.43073276,0.846693327,-0.961886985387,0.273447302679,-0.284282152512,0.00714285714286
183,186,17.0,1.0,0.0,18,180.0,48.1897,11.0,2.0,1.0,3.0,2.0,1.0,1.331548065,0.52518186,0.488956344,0.963797395,-0.483795302169,-0.875181184441,1.80899066303,0.0215419501134
184,187,17.0,1.0,0.0,18,180.0,44.0241,11.0,2.0,1.0,3.0,2.0,1.0,1.324306166,0.51598529,0.484261928,0.9552417,0.999126388106,0.0417906758782,0.0418272166321,0.0215419501134
185,188,16.0,4.0,0.0,20,180.0,44.4153,11.0,2.0,1.0,3.0,2.0,1.0,1.282633205,0.486408862,0.472437765,0.938915384,0.907709853057,0.419598406412,0.462260495465,0.0215419501134
186,189,7.0,1.0,0.0,8,180.0,60.0,11.0,2.0,1.0,3.0,2.0,1.0,0.824006317,0.333031213,0.298728326,0.56371453,-0.952412980415,-0.304810621102,0.32004038938,0.0215419501134
187,190,7.0,9.0,1.0,17,180.0,22.9809,11.0,2.0,1.0,11.0,2.0,1.0,1.171377131,0.46042134,0.444271265,0.848327561,-0.548897658893,-0.83588956212,1.52285138874,0.00793650793651
188,191,16.0,1.0,0.0,17,180.0,34.0477,11.0,2.0,1.0,11.0,2.0,1.0,1.351671572,0.533689489,0.492417075,0.974484002,-0.872832760957,0.488019437522,-0.55912135675,0.00793650793651
189,192,16.0,1.0,0.0,17,180.0,28.6246,11.0,2.0,1.0,11.0,2.0,1.0,1.217087612,0.475049335,0.448677288,0.872616762,-0.939281428413,-0.343147779009,0.365330100893,0.00793650793651
190,193,12.0,3.0,0.0,15,180.0,38.9424,11.0,2.0,1.0,10.0,5.0,1.0,1.31446872,0.5049462,0.478782438,0.945852867,0.321684647995,0.946846865784,2.94340084827,0.00762156714538
191,194,10.0,2.0,0.0,12,180.0,38.2132,11.0,2.0,1.0,10.0,5.0,1.0,1.020354702,0.401829252,0.361710414,0.722235208,0.870741474923,0.491741073991,0.564738315738,0.00762156714538
192,195,20.0,4.0,0.0,24,176.771,19.1881,11.0,2.0,1.0,10.0,5.0,1.0,1.089553288,0.444687835,0.40956783,0.7707335,0.943239197215,0.332114162355,0.352099619413,0.00762156714538
193,196,10.0,0.0,0.0,10,180.0,36.8699,11.0,2.0,1.0,10.0,5.0,1.0,1.264672655,0.494291637,0.464458859,0.920217827,0.675457156116,-0.737399233965,-1.09170393309,0.00762156714538
194,197,17.0,1.0,0.0,18,180.0,48.1897,10.0,5.0,1.0,3.0,2.0,1.0,1.204077829,0.474023933,0.444559659,0.868963768,-0.483795302169,-0.875181184441,1.80899066303,0.0232426303855
195,198,17.0,1.0,0.0,18,180.0,52.4449,10.0,5.0,1.0,3.0,2.0,1.0,1.066593905,0.396574069,0.393017207,0.760239155,-0.571736798172,0.820437099122,-1.43499089396,0.0232426303855
196,199,16.0,4.0,0.0,20,180.0,44.4153,10.0,5.0,1.0,3.0,2.0,1.0,1.150949208,0.438855863,0.425573708,0.831055953,0.907709853057,0.419598406412,0.462260495465,0.0232426303855
197,200,7.0,1.0,0.0,8,180.0,60.0,10.0,5.0,1.0,3.0,2.0,1.0,0.955562138,0.387746002,0.345111726,0.654911184,-0.952412980415,-0.304810621102,0.32004038938,0.0232426303855
198,201,7.0,9.0,1.0,17,180.0,38.2132,10.0,5.0,1.0,10.0,5.0,1.0,1.282537073,0.485527658,0.475433861,0.936047464,0.870741474923,0.491741073991,0.564738315738,0.00793650793651
199,202,16.0,1.0,0.0,17,180.0,34.0477,10.0,5.0,1.0,10.0,5.0,1.0,1.374727086,0.519510108,0.488379556,0.975333163,-0.872832760957,0.488019437522,-0.55912135675,0.00793650793651
200,203,16.0,1.0,0.0,17,180.0,53.1301,10.0,5.0,1.0,10.0,5.0,1.0,0.958878671,0.383243848,0.351584574,0.667808814,-0.961886985387,0.273447302679,-0.284282152512,0.00793650793651
201,204,16.0,1.0,0.0,17,180.0,34.0477,8.0,5.0,1.0,8.0,5.0,1.0,1.286174044,0.519798502,0.471941086,0.928485127,-0.872832760957,0.488019437522,-0.55912135675,0.0111111111111
202,205,16.0,1.0,0.0,17,180.0,22.9809,8.0,5.0,1.0,8.0,5.0,1.0,1.23874922,0.494179484,0.451721449,0.878865303,-0.548897658893,-0.83588956212,1.52285138874,0.0111111111111
203,206,21.0,3.0,0.0,24,176.771,19.1881,8.0,5.0,1.0,7.0,5.0,4.0,1.143242675,0.4408586,0.425012941,0.825143872,0.943239197215,0.332114162355,0.352099619413,0.0104938271605
204,207,10.0,0.0,0.0,10,180.0,38.2132,8.0,5.0,1.0,7.0,5.0,4.0,1.197781222,0.444896119,0.429354876,0.86712125,0.870741474923,0.491741073991,0.564738315738,0.0104938271605
205,208,17.0,1.0,0.0,18,180.0,44.4153,8.0,5.0,1.0,3.0,1.0,0.0,1.242738674,0.483444811,0.456688238,0.897594904,0.907709853057,0.419598406412,0.462260495465,0.0322222222222
206,209,17.0,1.0,0.0,18,180.0,44.0241,8.0,5.0,1.0,3.0,1.0,0.0,1.33395135,0.522249852,0.485111088,0.962868124,0.999126388106,0.0417906758782,0.0418272166321,0.0322222222222
207,210,16.0,1.0,0.0,17,180.0,34.0477,7.0,5.0,4.0,7.0,5.0,4.0,1.155964063,0.486537037,0.429274767,0.830431099,-0.872832760957,0.488019437522,-0.55912135675,0.0111111111111
208,211,16.0,1.0,0.0,17,180.0,38.2132,7.0,5.0,4.0,7.0,5.0,4.0,1.290980614,0.489709374,0.475786342,0.932682865,0.870741474923,0.491741073991,0.564738315738,0.0111111111111
209,212,17.0,1.0,0.0,18,180.0,44.4153,7.0,5.0,4.0,3.0,1.0,0.0,1.318362042,0.508294778,0.481954774,0.957596919,0.907709853057,0.419598406412,0.462260495465,0.0288888888889
210,213,17.0,1.0,0.0,18,180.0,52.4449,7.0,5.0,4.0,3.0,1.0,0.0,1.043298062,0.402758522,0.384926148,0.744121124,-0.571736798172,0.820437099122,-1.43499089396,0.0288888888889
211,214,5.0,7.0,1.0,13,180.0,41.1121,11.0,5.0,0.0,11.0,5.0,0.0,1.353113543,0.494948535,0.505635142,0.984850171,-0.96339773344,-0.26807612203,0.278261109327,0.00684931506849
212,215,4.0,2.0,4.0,10,180.0,41.1121,2.0,0.0,0.0,2.0,0.0,0.0,0.981934185,0.338302419,0.373822971,0.743448204,-0.96339773344,-0.26807612203,0.278261109327,0.25
213,216,5.0,7.0,1.0,13,180.0,18.9246,12.0,2.0,0.0,12.0,2.0,0.0,1.152022676,0.464426815,0.442941447,0.830238836,0.997185514357,0.0749736617486,0.0751852696105,0.00675675675676
214,217,7.0,9.0,1.0,17,180.0,29.5263,12.0,3.0,1.0,12.0,3.0,1.0,1.245718747,0.469970393,0.467855502,0.915459322,-0.31345593869,-0.949602745626,3.02946165127,0.00649350649351
215,218,16.0,1.0,0.0,17,180.0,34.0477,12.0,3.0,1.0,12.0,3.0,1.0,1.258071632,0.50629204,0.461943421,0.898620305,-0.872832760957,0.488019437522,-0.55912135675,0.00649350649351
216,219,16.0,1.0,0.0,17,180.0,38.5727,12.0,3.0,1.0,12.0,3.0,1.0,1.384788839,0.538688322,0.501629667,1.001801341,0.642079869934,0.766637750587,1.19399125636,0.00649350649351
217,220,10.0,2.0,0.0,12,180.0,38.2132,12.0,3.0,1.0,9.0,8.0,3.0,1.045268756,0.400034799,0.369913627,0.74349627,0.870741474923,0.491741073991,0.564738315738,0.00569235958846
218,221,12.0,3.0,0.0,15,180.0,50.4788,12.0,3.0,1.0,9.0,8.0,3.0,1.175863263,0.456159515,0.430091884,0.843296685,0.97733395926,0.211703405919,0.216613168829,0.00569235958846
219,222,10.0,0.0,0.0,10,180.0,36.8699,12.0,3.0,1.0,9.0,8.0,3.0,1.267444443,0.497800433,0.462327946,0.915411257,0.675457156116,-0.737399233965,-1.09170393309,0.00569235958846
220,223,20.0,4.0,0.0,24,171.231,51.4369,12.0,3.0,1.0,9.0,8.0,3.0,1.025161272,0.384733885,0.371003116,0.72587218,0.388846089592,0.921302729079,2.36932491733,0.00569235958846
221,224,7.0,9.0,1.0,17,180.0,28.7623,9.0,8.0,3.0,9.0,8.0,3.0,1.260522983,0.488892257,0.469313495,0.920410089,-0.883288230655,-0.468830354804,0.530778446415,0.00649350649351
222,225,16.0,1.0,0.0,17,180.0,34.0477,9.0,8.0,3.0,9.0,8.0,3.0,1.315814559,0.509432332,0.473767583,0.946766115,-0.872832760957,0.488019437522,-0.55912135675,0.00649350649351
223,226,16.0,1.0,0.0,17,180.0,57.5636,9.0,8.0,3.0,9.0,8.0,3.0,1.230930533,0.499466711,0.444783966,0.866368221,0.527677495061,0.849444795856,1.60978022335,0.00649350649351
224,227,16.0,1.0,0.0,17,180.0,29.5263,10.0,6.0,2.0,10.0,6.0,2.0,1.278691817,0.495893827,0.463048932,0.916340527,-0.31345593869,-0.949602745626,3.02946165127,0.00714285714286
225,228,16.0,1.0,0.0,17,180.0,38.5727,10.0,6.0,2.0,10.0,6.0,2.0,1.267684772,0.493762914,0.457857836,0.908585927,0.642079869934,0.766637750587,1.19399125636,0.00714285714286
226,229,21.0,2.0,1.0,24,171.231,51.4369,10.0,6.0,2.0,10.0,6.0,2.0,1.314628939,0.498425287,0.47585043,0.948881006,0.388846089592,0.921302729079,2.36932491733,0.00714285714286
227,230,12.0,0.0,1.0,13,180.0,50.4788,10.0,6.0,2.0,10.0,6.0,2.0,1.074957337,0.41209929,0.394459178,0.76289879,0.97733395926,0.211703405919,0.216613168829,0.00714285714286
228,231,16.0,1.0,0.0,17,180.0,28.7623,10.0,6.0,2.0,10.0,6.0,2.0,1.260218566,0.49642255,0.463978202,0.900046254,-0.883288230655,-0.468830354804,0.530778446415,0.00714285714286
229,232,16.0,1.0,0.0,17,180.0,57.5636,10.0,6.0,2.0,10.0,6.0,2.0,0.940421442,0.351328223,0.347579099,0.662169105,0.527677495061,0.849444795856,1.60978022335,0.00714285714286
230,233,7.0,9.0,1.0,17,180.0,38.5727,9.0,5.0,2.0,9.0,5.0,2.0,1.12574676,0.440778491,0.424692503,0.810547921,0.642079869934,0.766637750587,1.19399125636,0.00909090909091
231,234,16.0,1.0,0.0,17,180.0,34.0477,9.0,5.0,2.0,9.0,5.0,2.0,1.372932633,0.543703177,0.498970032,0.986244076,-0.872832760957,0.488019437522,-0.55912135675,0.00909090909091
232,235,16.0,1.0,0.0,17,180.0,29.5263,9.0,5.0,2.0,9.0,5.0,2.0,1.237980169,0.471284189,0.449798821,0.896457349,-0.31345593869,-0.949602745626,3.02946165127,0.00909090909091
233,236,12.0,4.0,0.0,16,180.0,50.4788,9.0,5.0,2.0,7.0,6.0,5.0,1.072922555,0.406747975,0.390645966,0.759325907,0.97733395926,0.211703405919,0.216613168829,0.00851239669421
234,237,10.0,2.0,0.0,12,180.0,36.8699,9.0,5.0,2.0,7.0,6.0,5.0,1.176824577,0.414342356,0.426791372,0.854479971,0.675457156116,-0.737399233965,-1.09170393309,0.00851239669421
235,238,21.0,3.0,0.0,24,171.231,51.4369,9.0,5.0,2.0,7.0,6.0,5.0,1.203116515,0.463529589,0.442300571,0.864285374,0.388846089592,0.921302729079,2.36932491733,0.00851239669421
236,239,10.0,0.0,0.0,10,180.0,38.2132,9.0,5.0,2.0,7.0,6.0,5.0,1.15652483,0.432975826,0.410384947,0.829469785,0.870741474923,0.491741073991,0.564738315738,0.00851239669421
237,240,7.0,9.0,1.0,17,180.0,57.5636,7.0,6.0,5.0,7.0,6.0,5.0,0.922492936,0.357704939,0.33940793,0.655936586,0.527677495061,0.849444795856,1.60978022335,0.00909090909091
238,241,16.0,1.0,0.0,17,180.0,28.7623,7.0,6.0,5.0,7.0,6.0,5.0,1.107385662,0.462327946,0.414422465,0.784432224,-0.883288230655,-0.468830354804,0.530778446415,0.00909090909091
239,242,16.0,1.0,0.0,17,180.0,34.0477,7.0,6.0,5.0,7.0,6.0,5.0,1.055394597,0.458835172,0.399361879,0.750738168,-0.872832760957,0.488019437522,-0.55912135675,0.00909090909091
240,243,5.0,6.0,1.0,12,180.0,55.8767,8.0,8.0,6.0,8.0,8.0,6.0,0.837705042,0.320053474,0.316144131,0.591448439,0.7825981949,-0.622527160322,-0.795462044736,0.00609756097561
241,244,5.0,6.0,1.0,12,180.0,55.8767,8.0,3.0,3.0,8.0,3.0,3.0,0.708872944,0.262102262,0.267037007,0.481490139,0.7825981949,-0.622527160322,-0.795462044736,0.0121951219512
242,245,5.0,7.0,1.0,13,180.0,12.6804,10.0,8.0,0.0,10.0,8.0,0.0,0.823637813,0.341458733,0.31588778,0.574913838,0.993505691145,0.113782431252,0.114526199765,0.00609756097561
243,246,8.0,2.0,2.0,12,180.0,55.8767,1.0,1.0,0.0,1.0,1.0,0.0,1.218064948,0.483076307,0.436692906,0.870213477,0.7825981949,-0.622527160322,-0.795462044736,0.5
244,247,5.0,7.0,1.0,13,180.0,8.79741,13.0,1.0,0.0,13.0,1.0,0.0,0.847718729,0.372429066,0.330756104,0.589221394,-0.809575359781,0.587015959609,-0.72509118826,0.00588235294118
245,248,6.0,4.0,0.0,10,180.0,28.0725,13.0,1.0,0.0,11.0,7.0,0.0,1.292470651,0.488267403,0.483044263,0.946013086,-0.979700593832,0.200466322471,-0.204619986691,0.00519031141869
246,249,6.0,4.0,0.0,10,180.0,36.8699,13.0,1.0,0.0,11.0,7.0,0.0,1.288705505,0.506932916,0.471460429,0.943673888,0.675457156116,-0.737399233965,-1.09170393309,0.00519031141869
247,250,5.0,7.0,1.0,13,180.0,25.0576,11.0,7.0,0.0,11.0,7.0,0.0,1.151798369,0.451192726,0.432703453,0.8309438,0.997178225941,-0.0750705382237,-0.0752829697549,0.00588235294118
248,251,4.0,2.0,4.0,10,180.0,8.79741,2.0,0.0,0.0,2.0,0.0,0.0,0.622274574,0.254107334,0.224210469,0.420270459,-0.809575359781,0.587015959609,-0.72509118826,0.25
249,252,4.0,2.0,4.0,10,180.0,25.0576,2.0,0.0,0.0,2.0,0.0,0.0,0.913744979,0.338558769,0.339840521,0.67620429,0.997178225941,-0.0750705382237,-0.0752829697549,0.25
250,253,5.0,6.0,1.0,12,180.0,60.7664,10.0,6.0,6.0,10.0,6.0,6.0,0.942728596,0.364321984,0.33738917,0.632464503,-0.474729569633,-0.880131714981,1.85396438579,0.00581395348837
251,254,5.0,6.0,1.0,12,180.0,60.7664,6.0,5.0,5.0,6.0,5.0,5.0,0.709049185,0.280671644,0.273317592,0.488555797,-0.474729569633,-0.880131714981,1.85396438579,0.0116279069767
252,255,8.0,2.0,2.0,12,180.0,60.7664,1.0,1.0,0.0,1.0,1.0,0.0,0.997379297,0.396526003,0.35914691,0.696872541,-0.474729569633,-0.880131714981,1.85396438579,0.5
253,256,7.0,9.0,1.0,17,180.0,30.4503,11.0,7.0,2.0,11.0,7.0,2.0,1.069493869,0.455486595,0.402774544,0.754006636,0.568901721429,-0.822405515154,-1.44560208587,0.00574712643678
254,257,14.0,3.0,0.0,17,180.0,46.3972,11.0,7.0,2.0,11.0,7.0,2.0,0.929366331,0.391030491,0.330099206,0.623796655,-0.747377785031,0.664399312494,-0.888973857399,0.00574712643678
255,258,7.0,1.0,0.0,8,180.0,60.0,11.0,7.0,2.0,11.0,7.0,2.0,0.966569183,0.389123885,0.348892894,0.661351988,-0.952412980415,-0.304810621102,0.32004038938,0.00574712643678
256,259,7.0,9.0,1.0,17,180.0,46.3972,8.0,6.0,4.0,8.0,6.0,4.0,1.24270663,0.467695283,0.445937543,0.894198261,-0.747377785031,0.664399312494,-0.888973857399,0.00862068965517
257,260,14.0,3.0,0.0,17,180.0,30.4503,8.0,6.0,4.0,8.0,6.0,4.0,1.273612875,0.488043096,0.460309187,0.917990782,0.568901721429,-0.822405515154,-1.44560208587,0.00862068965517
258,261,7.0,1.0,0.0,8,180.0,60.0,8.0,6.0,4.0,8.0,6.0,4.0,0.351039829,0.168950936,0.129024361,0.226052987,-0.952412980415,-0.304810621102,0.32004038938,0.00862068965517
259,262,15.0,1.0,1.0,17,180.0,30.4503,2.0,1.0,1.0,2.0,1.0,1.0,1.112048035,0.464458859,0.411250129,0.781772589,0.568901721429,-0.822405515154,-1.44560208587,0.166666666667
260,263,15.0,1.0,1.0,17,180.0,46.3972,2.0,1.0,1.0,2.0,1.0,1.0,1.236121629,0.461062216,0.443005535,0.88474534,-0.747377785031,0.664399312494,-0.888973857399,0.166666666667
261,264,5.0,7.0,1.0,13,180.0,25.9892,13.0,3.0,0.0,13.0,3.0,0.0,1.250493273,0.493987221,0.472934444,0.912879796,0.655117065526,0.755527385643,1.15327080518,0.00561797752809
262,265,4.0,2.0,4.0,10,180.0,25.9892,2.0,0.0,0.0,2.0,0.0,0.0,0.922412827,0.340160959,0.34354158,0.684551699,0.655117065526,0.755527385643,1.15327080518,0.25
263,266,16.0,4.0,0.0,20,180.0,48.1897,10.0,8.0,4.0,4.0,2.0,0.0,1.212745677,0.451112616,0.449222032,0.878945412,-0.483795302169,-0.875181184441,1.80899066303,0.0155555555556
264,267,7.0,1.0,0.0,8,180.0,60.0,10.0,8.0,4.0,4.0,2.0,0.0,0.965671957,0.388515053,0.349645924,0.65883655,-0.952412980415,-0.304810621102,0.32004038938,0.0155555555556
265,268,7.0,9.0,1.0,17,180.0,36.8699,10.0,8.0,4.0,10.0,8.0,4.0,1.313859888,0.501613645,0.477580795,0.958974803,0.675457156116,-0.737399233965,-1.09170393309,0.00555555555556
266,269,11.0,3.0,0.0,14,180.0,38.9424,10.0,8.0,4.0,10.0,8.0,4.0,1.168268882,0.475417839,0.422161043,0.822388105,0.321684647995,0.946846865784,2.94340084827,0.00555555555556
267,270,10.0,2.0,0.0,12,180.0,36.8699,10.0,8.0,4.0,10.0,8.0,4.0,1.088367667,0.376033993,0.402806588,0.796801131,0.675457156116,-0.737399233965,-1.09170393309,0.00555555555556
268,271,12.0,1.0,0.0,13,180.0,38.9424,10.0,8.0,4.0,4.0,2.0,0.0,1.242241995,0.488363534,0.454028602,0.889952457,0.321684647995,0.946846865784,2.94340084827,0.0155555555556
269,272,16.0,2.0,0.0,18,180.0,28.6246,10.0,8.0,4.0,4.0,2.0,0.0,1.193903922,0.449975062,0.441323236,0.854592124,-0.939281428413,-0.343147779009,0.365330100893,0.0155555555556
270,274,16.0,2.0,0.0,18,180.0,53.1301,10.0,8.0,4.0,4.0,2.0,0.0,1.172578773,0.439576848,0.425958233,0.833026647,-0.961886985387,0.273447302679,-0.284282152512,0.0155555555556
271,275,14.0,2.0,1.0,17,180.0,36.8699,4.0,2.0,0.0,4.0,2.0,0.0,1.203164581,0.458674953,0.441515498,0.86577541,0.675457156116,-0.737399233965,-1.09170393309,0.05
272,276,11.0,1.0,1.0,13,180.0,38.9424,4.0,2.0,0.0,4.0,2.0,0.0,1.109933144,0.412451772,0.405658486,0.776773756,0.321684647995,0.946846865784,2.94340084827,0.05
273,277,7.0,9.0,1.0,17,180.0,31.0027,13.0,3.0,2.0,13.0,3.0,2.0,1.181454906,0.453644077,0.44068236,0.857411979,0.915829923888,-0.401566371241,-0.438472647341,0.00549450549451
274,278,10.0,2.0,0.0,12,180.0,22.6199,13.0,3.0,2.0,13.0,3.0,2.0,0.906727387,0.330627928,0.337180886,0.659781842,-0.80876246978,-0.588135415934,0.727204139547,0.00549450549451
275,279,10.0,3.0,0.0,13,180.0,38.2132,13.0,3.0,2.0,13.0,3.0,2.0,1.087582594,0.428057102,0.386271987,0.77411412,0.870741474923,0.491741073991,0.564738315738,0.00549450549451
276,280,14.0,2.0,1.0,17,180.0,31.0027,6.0,4.0,0.0,6.0,4.0,0.0,1.272315101,0.501549558,0.462263859,0.912495271,0.915829923888,-0.401566371241,-0.438472647341,0.0192307692308
277,281,10.0,1.0,1.0,12,180.0,38.2132,6.0,4.0,0.0,6.0,4.0,0.0,0.888654684,0.335610739,0.312058546,0.630894356,0.870741474923,0.491741073991,0.564738315738,0.0192307692308
278,282,14.0,3.0,0.0,17,180.0,31.0027,3.0,2.0,1.0,3.0,2.0,1.0,1.29397671,0.509208026,0.475754299,0.935823157,0.915829923888,-0.401566371241,-0.438472647341,0.0714285714286
279,283,10.0,1.0,0.0,11,180.0,22.6199,3.0,2.0,1.0,3.0,2.0,1.0,1.143691288,0.441932068,0.427768708,0.824278689,-0.80876246978,-0.588135415934,0.727204139547,0.0714285714286
280,284,7.0,9.0,1.0,17,180.0,42.1034,11.0,7.0,4.0,11.0,7.0,4.0,1.226876993,0.455550683,0.44701101,0.887677348,-0.303249437805,-0.952911212271,3.14233463767,0.00537634408602
281,285,7.0,4.0,0.0,11,180.0,17.8966,11.0,7.0,4.0,11.0,7.0,4.0,1.107017159,0.446882835,0.411218085,0.793180181,0.579276159337,-0.815131358263,-1.40715502464,0.00537634408602
282,286,5.0,2.0,0.0,7,180.0,60.0,11.0,7.0,4.0,11.0,7.0,4.0,0.967434366,0.366789357,0.345207857,0.645458263,-0.952412980415,-0.304810621102,0.32004038938,0.00537634408602
283,287,7.0,9.0,1.0,17,180.0,17.8966,6.0,5.0,1.0,6.0,5.0,1.0,0.989977179,0.409071151,0.371003116,0.707446995,0.579276159337,-0.815131358263,-1.40715502464,0.0161290322581
284,288,7.0,4.0,0.0,11,180.0,42.1034,6.0,5.0,1.0,6.0,5.0,1.0,1.240864111,0.484982913,0.441451411,0.877599573,-0.303249437805,-0.952911212271,3.14233463767,0.0161290322581
285,289,5.0,2.0,0.0,7,180.0,60.0,6.0,5.0,1.0,6.0,5.0,1.0,1.002570393,0.387505673,0.357560742,0.678415312,-0.952412980415,-0.304810621102,0.32004038938,0.0161290322581
286,290,6.0,1.0,3.0,10,180.0,42.1034,2.0,2.0,2.0,2.0,2.0,2.0,0.478558131,0.260996751,0.16915922,0.318483328,-0.303249437805,-0.952911212271,3.14233463767,0.0833333333333
287,291,6.0,1.0,3.0,10,180.0,17.8966,2.0,2.0,2.0,2.0,2.0,2.0,0.478397912,0.261124926,0.169127176,0.318627525,0.579276159337,-0.815131358263,-1.40715502464,0.0833333333333
288,292,7.0,9.0,1.0,17,180.0,25.8419,10.0,9.0,3.0,10.0,9.0,3.0,1.2176644,0.471989152,0.455294332,0.888718771,0.75890994888,0.651195584668,0.858067002058,0.00526315789474
289,293,11.0,3.0,0.0,14,180.0,26.5254,10.0,9.0,3.0,10.0,9.0,3.0,1.268229516,0.47517751,0.453339661,0.884601143,0.177196909724,0.984175418909,5.55413421398,0.00526315789474
290,294,10.0,2.0,0.0,12,180.0,36.8699,10.0,9.0,3.0,10.0,9.0,3.0,1.036344558,0.369416948,0.375152789,0.752196161,0.675457156116,-0.737399233965,-1.09170393309,0.00526315789474
291,295,13.0,3.0,1.0,17,180.0,25.8419,6.0,6.0,2.0,6.0,6.0,2.0,1.213306443,0.470931707,0.447043054,0.847414313,0.75890994888,0.651195584668,0.858067002058,0.0131578947368
292,296,10.0,1.0,1.0,12,180.0,36.8699,6.0,6.0,2.0,6.0,6.0,2.0,1.061771313,0.384125053,0.383468155,0.768490434,0.675457156116,-0.737399233965,-1.09170393309,0.0131578947368
293,297,14.0,2.0,1.0,17,180.0,25.8419,3.0,1.0,0.0,3.0,1.0,0.0,1.182095782,0.470531159,0.437702286,0.844706612,0.75890994888,0.651195584668,0.858067002058,0.1
294,298,11.0,1.0,1.0,13,180.0,26.5254,3.0,1.0,0.0,3.0,1.0,0.0,1.16192421,0.474728897,0.419966043,0.816636243,0.177196909724,0.984175418909,5.55413421398,0.1
295,299,5.0,7.0,1.0,13,180.0,42.075,13.0,5.0,0.0,13.0,5.0,0.0,1.331067408,0.496486637,0.498120871,0.97834528,-0.330186192221,-0.943915821706,2.85873802098,0.00515463917526
296,300,4.0,2.0,4.0,10,180.0,42.075,2.0,0.0,0.0,2.0,0.0,0.0,0.982591083,0.338943295,0.374255562,0.743976927,-0.330186192221,-0.943915821706,2.85873802098,0.25
297,301,10.0,3.0,0.0,13,180.0,38.2132,12.0,6.0,4.0,2.0,0.0,0.0,1.088399711,0.413493195,0.389252061,0.781083647,0.870741474923,0.491741073991,0.564738315738,0.030612244898
298,302,7.0,9.0,1.0,17,180.0,49.2272,12.0,6.0,4.0,12.0,6.0,4.0,1.052767005,0.396285675,0.38899571,0.757899958,0.507700725809,-0.861533500807,-1.69693178877,0.00510204081633
299,303,10.0,1.0,0.0,11,180.0,43.5736,12.0,6.0,4.0,12.0,6.0,4.0,1.066593905,0.398464653,0.380007424,0.762610396,0.917639372362,-0.397414119391,-0.433083116702,0.00510204081633
300,304,15.0,2.0,0.0,17,180.0,43.5736,12.0,6.0,4.0,12.0,6.0,4.0,1.220564364,0.440057505,0.454957872,0.888927056,0.917639372362,-0.397414119391,-0.433083116702,0.00510204081633
301,305,1.0,0.0,1.0,2,180.0,90.0,12.0,6.0,4.0,12.0,6.0,4.0,1.347634053,0.511899705,0.499835214,0.982799368,-0.448073616129,0.893996663601,-1.99520041221,0.00510204081633
302,306,9.0,1.0,0.0,10,180.0,49.2272,12.0,6.0,4.0,12.0,6.0,4.0,1.096843252,0.454060646,0.407501005,0.772656128,0.507700725809,-0.861533500807,-1.69693178877,0.00510204081633
303,308,7.0,3.0,0.0,10,180.0,38.2132,8.0,5.0,3.0,1.0,1.0,0.0,1.217247831,0.434033271,0.436789038,0.874427236,0.870741474923,0.491741073991,0.564738315738,0.0663265306122
304,309,7.0,9.0,1.0,17,180.0,43.5736,8.0,5.0,3.0,8.0,5.0,3.0,1.217103634,0.450567872,0.443390061,0.878480777,0.917639372362,-0.397414119391,-0.433083116702,0.0102040816327
305,310,16.0,1.0,0.0,17,180.0,49.2272,8.0,5.0,3.0,8.0,5.0,3.0,1.084025732,0.440409987,0.39599728,0.762081674,0.507700725809,-0.861533500807,-1.69693178877,0.0102040816327
306,311,16.0,1.0,0.0,17,180.0,43.5736,8.0,5.0,3.0,8.0,5.0,3.0,1.341353468,0.508102515,0.490670688,0.969437103,0.917639372362,-0.397414119391,-0.433083116702,0.0102040816327
307,312,10.0,3.0,0.0,13,180.0,38.2132,9.0,4.0,1.0,1.0,1.0,0.0,0.910220161,0.361133626,0.319620883,0.641645051,0.870741474923,0.491741073991,0.564738315738,0.0663265306122
308,313,17.0,1.0,0.0,18,180.0,43.5736,9.0,4.0,1.0,8.0,5.0,3.0,1.359153799,0.516562078,0.500972769,0.988038529,0.917639372362,-0.397414119391,-0.433083116702,0.00989171178676
309,314,17.0,1.0,0.0,18,180.0,49.2272,9.0,4.0,1.0,8.0,5.0,3.0,1.228158745,0.466557728,0.444046959,0.876253733,0.507700725809,-0.861533500807,-1.69693178877,0.00989171178676
310,317,7.0,9.0,1.0,17,180.0,43.5736,9.0,4.0,1.0,9.0,4.0,1.0,1.291076746,0.456383822,0.486088424,0.954424583,0.917639372362,-0.397414119391,-0.433083116702,0.0102040816327
311,318,15.0,2.0,0.0,17,180.0,49.2272,9.0,4.0,1.0,9.0,4.0,1.0,1.389595409,0.537118176,0.503488208,0.995937326,0.507700725809,-0.861533500807,-1.69693178877,0.0102040816327
312,319,10.0,1.0,0.0,11,180.0,43.5736,9.0,4.0,1.0,9.0,4.0,1.0,0.918599615,0.382907388,0.328673257,0.640459431,0.917639372362,-0.397414119391,-0.433083116702,0.0102040816327
313,320,7.0,1.0,0.0,8,180.0,60.0,13.0,5.0,2.0,3.0,3.0,2.0,0.95009867,0.373550599,0.347162529,0.64534611,-0.952412980415,-0.304810621102,0.32004038938,0.0133149678604
314,321,16.0,4.0,0.0,20,180.0,33.5573,13.0,5.0,2.0,3.0,3.0,2.0,1.342779417,0.500620287,0.48926076,0.974083454,-0.540117851296,0.841589393179,-1.55815881878,0.0133149678604
315,322,7.0,9.0,1.0,17,180.0,45.0029,13.0,5.0,2.0,13.0,5.0,2.0,1.244020426,0.449494405,0.471508495,0.923838776,0.522852163078,0.85242337812,1.63033346386,0.00505050505051
316,323,11.0,2.0,0.0,13,180.0,50.4788,13.0,5.0,2.0,13.0,5.0,2.0,1.246792214,0.456816413,0.45502196,0.904884868,0.97733395926,0.211703405919,0.216613168829,0.00505050505051
317,324,11.0,2.0,0.0,13,180.0,38.9424,13.0,5.0,2.0,13.0,5.0,2.0,1.337476168,0.481954774,0.486953607,0.951156115,0.321684647995,0.946846865784,2.94340084827,0.00505050505051
318,325,14.0,2.0,1.0,17,180.0,45.0029,6.0,2.0,2.0,6.0,2.0,2.0,1.317144377,0.500379959,0.485655833,0.958878671,0.522852163078,0.85242337812,1.63033346386,0.0227272727273
319,326,11.0,1.0,1.0,13,180.0,38.9424,6.0,2.0,2.0,6.0,2.0,2.0,1.305897003,0.506099777,0.479903971,0.945868888,0.321684647995,0.946846865784,2.94340084827,0.0227272727273
320,327,14.0,2.0,1.0,17,180.0,45.0029,4.0,1.0,1.0,4.0,1.0,1.0,1.3315,0.506115799,0.489629264,0.961714548,0.522852163078,0.85242337812,1.63033346386,0.0555555555556
321,328,11.0,1.0,1.0,13,180.0,50.4788,4.0,1.0,1.0,4.0,1.0,1.0,1.265666012,0.47011459,0.46008488,0.912719577,0.97733395926,0.211703405919,0.216613168829,0.0555555555556
322,329,16.0,1.0,0.0,17,180.0,33.5573,4.0,1.0,1.0,1.0,1.0,0.0,1.307210799,0.518196312,0.477100138,0.938498814,-0.540117851296,0.841589393179,-1.55815881878,0.138888888889
323,330,5.0,7.0,1.0,13,180.0,11.4212,11.0,9.0,0.0,11.0,9.0,0.0,0.782157114,0.327535702,0.298199603,0.538752409,0.412890749256,-0.910780560387,-2.20586332348,0.0049504950495
324,331,4.0,2.0,4.0,10,180.0,11.4212,2.0,0.0,0.0,2.0,0.0,0.0,0.701310607,0.281472739,0.254091312,0.482659738,0.412890749256,-0.910780560387,-2.20586332348,0.25
325,332,5.0,6.0,1.0,12,180.0,16.0989,10.0,10.0,2.0,10.0,10.0,2.0,0.996001414,0.37524892,0.379831183,0.727298129,-0.924552519447,-0.381054640156,0.412150345319,0.00490196078431
326,333,7.0,2.0,0.0,9,180.0,60.0,14.0,2.0,2.0,10.0,10.0,2.0,0.704306702,0.287416864,0.263848649,0.49187233,-0.952412980415,-0.304810621102,0.32004038938,0.00394079200308
327,334,10.0,3.0,0.0,13,180.0,61.9275,14.0,2.0,2.0,10.0,10.0,2.0,0.841918801,0.29539577,0.308277378,0.594300337,0.618194211255,-0.786025392192,-1.27148617357,0.00394079200308
328,335,5.0,6.0,1.0,12,180.0,22.8435,14.0,2.0,2.0,14.0,2.0,2.0,0.982318711,0.348316106,0.372541219,0.666543084,-0.658214743495,-0.752830227506,1.14374561638,0.00490196078431
329,336,5.0,6.0,1.0,12,180.0,22.8435,7.0,7.0,2.0,7.0,7.0,2.0,1.153720997,0.430075862,0.431149329,0.823349419,-0.658214743495,-0.752830227506,1.14374561638,0.00980392156863
330,337,7.0,2.0,0.0,9,180.0,60.0,10.0,1.0,1.0,7.0,7.0,2.0,0.740051561,0.296645479,0.27565679,0.513389742,-0.952412980415,-0.304810621102,0.32004038938,0.00759323337178
331,338,10.0,3.0,0.0,13,180.0,61.9275,10.0,1.0,1.0,7.0,7.0,2.0,0.940469508,0.336956579,0.342692419,0.655423885,0.618194211255,-0.786025392192,-1.27148617357,0.00759323337178
332,339,5.0,6.0,1.0,12,180.0,16.0989,10.0,1.0,1.0,10.0,1.0,1.0,0.906967715,0.369641255,0.339375886,0.595133476,-0.924552519447,-0.381054640156,0.412150345319,0.00980392156863
333,340,15.0,1.0,1.0,17,180.0,45.573,14.0,2.0,2.0,14.0,2.0,2.0,1.292326454,0.475401817,0.48512711,0.94849648,-0.0199052082489,0.999801871715,-50.2281543209,0.00490196078431
334,341,15.0,1.0,1.0,17,180.0,48.1897,14.0,2.0,2.0,14.0,2.0,2.0,1.371859166,0.501677733,0.506532369,1.005133897,-0.483795302169,-0.875181184441,1.80899066303,0.00490196078431
335,342,20.0,4.0,0.0,24,174.924,40.1192,14.0,2.0,2.0,10.0,10.0,2.0,1.300577733,0.482034883,0.479231051,0.949826298,-0.750812836614,0.660515014497,-0.879733246805,0.00394079200308
336,343,10.0,0.0,0.0,10,180.0,36.8699,14.0,2.0,2.0,10.0,10.0,2.0,1.292775067,0.489613242,0.47197313,0.934893887,0.675457156116,-0.737399233965,-1.09170393309,0.00394079200308
337,344,15.0,1.0,1.0,17,180.0,48.1897,10.0,10.0,2.0,10.0,10.0,2.0,1.238556958,0.478285759,0.447571777,0.890064611,-0.483795302169,-0.875181184441,1.80899066303,0.00490196078431
338,345,15.0,1.0,1.0,17,180.0,45.573,10.0,10.0,2.0,10.0,10.0,2.0,1.302852842,0.516722297,0.475097401,0.934429252,-0.0199052082489,0.999801871715,-50.2281543209,0.00490196078431
339,346,7.0,9.0,1.0,17,180.0,45.573,12.0,5.0,1.0,12.0,5.0,1.0,1.326917736,0.475626123,0.493057951,0.981052981,-0.0199052082489,0.999801871715,-50.2281543209,0.00588235294118
340,347,11.0,1.0,0.0,12,180.0,22.8435,12.0,5.0,1.0,12.0,5.0,1.0,1.226556555,0.478766416,0.452666741,0.86484614,-0.658214743495,-0.752830227506,1.14374561638,0.00588235294118
341,348,15.0,2.0,0.0,17,180.0,48.1897,12.0,5.0,1.0,12.0,5.0,1.0,1.324947042,0.511258829,0.481554226,0.960769255,-0.483795302169,-0.875181184441,1.80899066303,0.00588235294118
342,349,20.0,4.0,0.0,24,174.924,40.1192,12.0,5.0,1.0,9.0,8.0,5.0,1.359554346,0.513678136,0.494772294,0.985362872,-0.750812836614,0.660515014497,-0.879733246805,0.00529411764706
343,350,7.0,0.0,0.0,7,180.0,60.0,12.0,5.0,1.0,9.0,8.0,5.0,0.960288598,0.381849943,0.349902274,0.654046002,-0.952412980415,-0.304810621102,0.32004038938,0.00529411764706
344,351,10.0,2.0,0.0,12,180.0,36.8699,12.0,5.0,1.0,9.0,8.0,5.0,1.211560056,0.464795319,0.440153637,0.874026689,0.675457156116,-0.737399233965,-1.09170393309,0.00529411764706
345,352,12.0,4.0,0.0,16,180.0,61.9275,12.0,5.0,1.0,9.0,8.0,5.0,0.945276078,0.345015595,0.343701799,0.663146441,0.618194211255,-0.786025392192,-1.27148617357,0.00529411764706
346,353,7.0,9.0,1.0,17,180.0,45.573,9.0,8.0,5.0,9.0,8.0,5.0,1.184563155,0.446546375,0.430011774,0.852829715,-0.0199052082489,0.999801871715,-50.2281543209,0.00588235294118
347,354,11.0,1.0,0.0,12,180.0,16.0989,9.0,8.0,5.0,9.0,8.0,5.0,1.038171054,0.411650677,0.37904611,0.719847945,-0.924552519447,-0.381054640156,0.412150345319,0.00588235294118
348,355,15.0,2.0,0.0,17,180.0,48.1897,9.0,8.0,5.0,9.0,8.0,5.0,1.148690121,0.463433458,0.428441628,0.83254599,-0.483795302169,-0.875181184441,1.80899066303,0.00588235294118
349,356,8.0,2.0,2.0,12,180.0,16.0989,1.0,1.0,0.0,1.0,1.0,0.0,1.117928073,0.45535842,0.405962902,0.776373208,-0.924552519447,-0.381054640156,0.412150345319,0.5
350,357,8.0,2.0,2.0,12,180.0,22.8435,1.0,1.0,0.0,1.0,1.0,0.0,1.269062655,0.502238499,0.450920354,0.890865706,-0.658214743495,-0.752830227506,1.14374561638,0.5
351,358,11.0,1.0,0.0,12,180.0,22.8435,5.0,2.0,1.0,5.0,2.0,1.0,1.281896197,0.497127513,0.469794152,0.923518338,-0.658214743495,-0.752830227506,1.14374561638,0.0333333333333
352,359,15.0,2.0,0.0,17,180.0,45.573,5.0,2.0,1.0,5.0,2.0,1.0,1.413868587,0.535307701,0.526399525,1.035992076,-0.0199052082489,0.999801871715,-50.2281543209,0.0333333333333
353,360,21.0,2.0,1.0,24,174.924,40.1192,5.0,2.0,1.0,5.0,2.0,1.0,1.307082624,0.495925871,0.483765249,0.9474871,-0.750812836614,0.660515014497,-0.879733246805,0.0333333333333
354,361,12.0,0.0,1.0,13,180.0,61.9275,5.0,2.0,1.0,5.0,2.0,1.0,1.112032013,0.427688599,0.408109837,0.776933975,0.618194211255,-0.786025392192,-1.27148617357,0.0333333333333
355,362,11.0,1.0,0.0,12,180.0,16.0989,5.0,2.0,1.0,5.0,2.0,1.0,1.033893207,0.447796083,0.386752644,0.723308676,-0.924552519447,-0.381054640156,0.412150345319,0.0333333333333
356,363,15.0,2.0,0.0,17,180.0,45.573,5.0,2.0,1.0,5.0,2.0,1.0,0.972112761,0.375985927,0.3585541,0.688733415,-0.0199052082489,0.999801871715,-50.2281543209,0.0333333333333
357,364,7.0,9.0,1.0,17,180.0,44.0241,11.0,8.0,5.0,11.0,8.0,5.0,1.289298315,0.465612436,0.463834005,0.928148667,0.999126388106,0.0417906758782,0.0418272166321,0.0047619047619
358,365,14.0,3.0,0.0,17,180.0,34.0477,11.0,8.0,5.0,11.0,8.0,5.0,1.271770356,0.482451453,0.458370537,0.916725052,-0.872832760957,0.488019437522,-0.55912135675,0.0047619047619
359,366,7.0,1.0,0.0,8,180.0,60.0,11.0,8.0,5.0,11.0,8.0,5.0,0.383532242,0.180470682,0.140720348,0.249284742,-0.952412980415,-0.304810621102,0.32004038938,0.0047619047619
360,367,16.0,4.0,0.0,20,180.0,44.4153,13.0,5.0,4.0,11.0,8.0,5.0,1.219442831,0.438631556,0.441980133,0.876686324,0.907709853057,0.419598406412,0.462260495465,0.00460317460317
361,368,10.0,1.0,0.0,11,180.0,36.8699,13.0,5.0,4.0,11.0,8.0,5.0,1.248234185,0.434321665,0.456095427,0.908906365,0.675457156116,-0.737399233965,-1.09170393309,0.00460317460317
362,369,7.0,9.0,1.0,17,180.0,52.4449,13.0,5.0,4.0,13.0,5.0,4.0,0.83642329,0.297718946,0.312411028,0.578855225,-0.571736798172,0.820437099122,-1.43499089396,0.0047619047619
363,370,14.0,3.0,0.0,17,180.0,34.0477,13.0,5.0,4.0,13.0,5.0,4.0,1.124208657,0.424083671,0.410112574,0.801864051,-0.872832760957,0.488019437522,-0.55912135675,0.0047619047619
364,371,7.0,1.0,0.0,8,180.0,60.0,13.0,5.0,4.0,13.0,5.0,4.0,0.895496035,0.362447422,0.323193767,0.613174135,-0.952412980415,-0.304810621102,0.32004038938,0.0047619047619
365,372,16.0,3.0,0.0,19,180.0,48.1897,13.0,5.0,4.0,11.0,8.0,5.0,1.24810601,0.458098165,0.455887143,0.907624613,-0.483795302169,-0.875181184441,1.80899066303,0.00460317460317
366,373,10.0,1.0,0.0,11,180.0,38.2132,13.0,5.0,4.0,11.0,8.0,5.0,1.05651613,0.377636183,0.372557241,0.758124264,0.870741474923,0.491741073991,0.564738315738,0.00460317460317
367,374,15.0,1.0,1.0,17,180.0,52.4449,2.0,1.0,1.0,2.0,1.0,1.0,1.151558041,0.465147801,0.428906263,0.821763251,-0.571736798172,0.820437099122,-1.43499089396,0.166666666667
368,375,15.0,1.0,1.0,17,180.0,34.0477,2.0,1.0,1.0,2.0,1.0,1.0,1.356830623,0.516994669,0.488475687,0.98247893,-0.872832760957,0.488019437522,-0.55912135675,0.166666666667
369,376,15.0,1.0,1.0,17,180.0,44.0241,2.0,1.0,1.0,2.0,1.0,1.0,1.231731628,0.465692545,0.440714403,0.881637091,0.999126388106,0.0417906758782,0.0418272166321,0.166666666667
370,377,1.0,0.0,1.0,2,122.878,34.0477,2.0,1.0,1.0,2.0,1.0,1.0,1.12473738,0.47138032,0.41631305,0.793452554,-0.872832760957,0.488019437522,-0.55912135675,0.166666666667
371,378,5.0,7.0,1.0,13,180.0,31.8908,14.0,4.0,0.0,14.0,4.0,0.0,1.273596853,0.493250213,0.477981343,0.936415967,0.889350584235,0.457225916065,0.514112122002,0.00471698113208
372,379,5.0,7.0,1.0,13,180.0,33.3985,13.0,7.0,0.0,13.0,7.0,0.0,1.27854762,0.483380723,0.478429956,0.932378449,-0.400238547309,0.916410991449,-2.28966199685,0.0045871559633
373,380,4.0,2.0,4.0,10,180.0,33.3985,2.0,0.0,0.0,2.0,0.0,0.0,0.968363636,0.343397383,0.365283298,0.729557217,-0.400238547309,0.916410991449,-2.28966199685,0.25
374,381,7.0,9.0,1.0,17,180.0,9.43001,11.0,10.0,1.0,11.0,10.0,1.0,0.721802617,0.302092925,0.273926424,0.504225215,-0.999986312914,-0.00523201536014,0.00523208697217,0.0045045045045
375,382,7.0,4.0,0.0,11,180.0,50.57,11.0,10.0,1.0,11.0,10.0,1.0,1.202331442,0.441227104,0.436484622,0.853999314,0.953991720226,0.299832949722,0.314293031444,0.0045045045045
376,383,5.0,2.0,0.0,7,180.0,60.0,11.0,10.0,1.0,11.0,10.0,1.0,1.004813459,0.354196143,0.35889056,0.684183196,-0.952412980415,-0.304810621102,0.32004038938,0.0045045045045
377,384,7.0,9.0,1.0,17,180.0,50.57,7.0,4.0,3.0,7.0,4.0,3.0,1.150244245,0.422273196,0.421648342,0.819472119,0.953991720226,0.299832949722,0.314293031444,0.0135135135135
378,385,7.0,4.0,0.0,11,180.0,9.43001,7.0,4.0,3.0,7.0,4.0,3.0,0.815466644,0.339984718,0.308693947,0.571469129,-0.999986312914,-0.00523201536014,0.00523208697217,0.0135135135135
379,386,5.0,2.0,0.0,7,180.0,60.0,7.0,4.0,3.0,7.0,4.0,3.0,0.932778996,0.347498989,0.334537272,0.624613772,-0.952412980415,-0.304810621102,0.32004038938,0.0135135135135
380,387,6.0,1.0,3.0,10,180.0,9.43001,2.0,2.0,2.0,2.0,2.0,2.0,0.404360712,0.201154955,0.142242428,0.264056934,-0.999986312914,-0.00523201536014,0.00523208697217,0.0833333333333
381,388,6.0,1.0,3.0,10,180.0,50.57,2.0,2.0,2.0,2.0,2.0,2.0,0.403639727,0.200145575,0.141986078,0.262999489,0.953991720226,0.299832949722,0.314293031444,0.0833333333333
